{"cameraMode":{"drawMode":0,"name":"Shaded","section":"Shading Mode"},"sceneLighting":true,"audioPlay":false,"sceneViewState":{"showFog":true,"showMaterialUpdate":false,"showSkybox":true,"showFlares":true,"showImageEffects":true,"showParticleSystems":true},"in2DMode":false,"pivot":{"x":2.1095314025878908,"y":3.8465805053710939,"z":-46.462486267089847},"rotation":{"x":-0.2787182927131653,"y":0.5730804800987244,"z":-0.21591190993785859,"w":-0.7397838830947876},"size":175.5562744140625,"orthographic":false}