{"cameraMode":{"drawMode":0,"name":"Shaded","section":"Shading Mode"},"sceneLighting":true,"audioPlay":false,"sceneViewState":{"showFog":true,"showMaterialUpdate":false,"showSkybox":true,"showFlares":true,"showImageEffects":true,"showParticleSystems":true},"in2DMode":false,"pivot":{"x":3.4326171875,"y":3.84375,"z":-21.33203125},"rotation":{"x":0.019498702138662339,"y":-0.002999543445184827,"z":0.000058463461755309254,"w":0.9998049139976502},"size":28.494903564453126,"orthographic":true}